time,Tg,T,RH,W,SR
2026-01-21 10:00:00,37.44,26.34,67.61,1.757,696.4138
2026-01-21 10:05:00,36.82,26.49,66.97,2.074,722.1032
2026-01-21 10:10:00,37.3,26.68,65.91,1.932,753.4645
2026-01-21 10:15:00,38.18,26.67,65.67,1.922,776.053
2026-01-21 10:20:00,38.28,26.64,65.14,2.232,792.1733
2026-01-21 10:25:00,38.620000000000005,27.05,63.89,1.799,820.8281
2026-01-21 10:30:00,38.4,27.23,62.47,2.314,823.4317
2026-01-21 10:35:00,38.720000000000006,27.3,62.26,2.076,847.0322
2026-01-21 10:40:00,39.5,27.6,62.1,1.585,866.891
2026-01-21 10:45:00,39.38,28.0,60.15,1.881,870.6882
2026-01-21 10:50:00,39.6,28.31,59.46,1.996,871.5927
2026-01-21 10:55:00,38.540000000000006,28.11,59.48,1.878,872.2457
2026-01-21 11:00:00,38.78,28.08,58.31,2.39,884.1957
2026-01-21 11:05:00,39.48,28.37,58.1,1.779,887.4263
2026-01-21 11:10:00,39.64,28.26,57.22,1.495,888.5937
2026-01-21 11:15:00,39.72,28.64,56.56,1.989,911.7562
2026-01-21 11:20:00,39.54,28.9,55.73,1.999,937.6803
2026-01-21 11:25:00,39.48,28.98,55.01,2.245,957.4871
2026-01-21 11:30:00,38.78,29.02,55.08,2.365,949.1223
2026-01-21 11:35:00,38.44,29.12,54.34,2.78,918.6838
2026-01-21 11:40:00,38.220000000000006,28.73,54.89,2.591,874.1793
2026-01-21 11:45:00,39.28,28.6,55.22,2.89,999.5641
2026-01-21 11:50:00,41.04,28.69,55.46,2.689,1092.068
2026-01-21 11:55:00,40.28,29.51,54.03,2.259,1089.227
2026-01-21 12:00:00,40.06,29.48,54.1,3.023,1091.323
2026-01-21 12:05:00,39.82,28.9,55.38,3.2,1083.64
2026-01-21 12:10:00,40.46,28.73,56.1,2.381,1078.986
2026-01-21 12:15:00,40.56,29.0,55.38,2.857,1079.138
2026-01-21 12:20:00,40.88,28.93,55.57,2.726,1079.631
2026-01-21 12:25:00,40.48,29.09,55.52,2.613,1073.777
2026-01-21 12:30:00,40.5,28.95,55.64,2.784,1072.838
2026-01-21 12:35:00,40.92,29.34,54.72,2.653,1064.951
2026-01-21 12:40:00,40.6,29.31,54.13,2.567,1024.851
2026-01-21 12:45:00,40.38,29.5,53.96,2.316,1027.542
2026-01-21 12:50:00,39.86,29.5,53.48,2.866,1018.978
2026-01-21 12:55:00,39.84,29.25,54.0,3.443,1019.096
2026-01-21 13:00:00,40.46,29.2,54.16,3.058,1016.333
2026-01-21 13:05:00,40.24,29.34,53.57,3.047,1015.172
2026-01-21 13:10:00,40.78,29.24,53.64,2.7,997.2388
2026-01-21 13:15:00,41.34,29.18,54.23,2.381,988.4417
2026-01-21 13:20:00,41.48,29.58,53.26,2.662,1002.434
2026-01-21 13:25:00,39.64,29.87,52.61,2.892,976.7554
2026-01-21 13:30:00,39.48,29.44,53.31,3.622,968.731
2026-01-21 13:35:00,40.28,29.21,53.97,3.372,979.2895
2026-01-21 13:40:00,39.86,29.31,53.93,2.996,972.7986
2026-01-21 13:45:00,39.4,29.19,53.92,3.179,951.6203
2026-01-21 13:50:00,40.04,28.84,54.89,3.429,940.9925
2026-01-21 13:55:00,39.54,28.87,54.71,2.964,940.4434
2026-01-21 14:00:00,39.96,28.72,55.38,2.952,933.6541
2026-01-21 14:05:00,39.78,29.05,54.78,2.502,943.429
2026-01-21 14:10:00,39.16,28.94,54.85,2.82,904.0674
2026-01-21 14:15:00,38.260000000000005,28.97,54.86,2.811,835.9639
2026-01-21 14:20:00,39.2,28.6,55.46,3.235,806.8159
2026-01-21 14:25:00,38.82,28.77,55.56,2.689,809.9695
2026-01-21 14:30:00,38.760000000000005,28.76,55.38,2.849,788.7025
2026-01-21 14:35:00,39.86,28.6,55.69,2.707,748.2767
2026-01-21 14:40:00,40.34,28.81,55.86,2.284,827.8544
2026-01-21 14:45:00,39.42,29.09,55.32,2.341,814.8774
2026-01-21 14:50:00,39.32,28.77,56.08,2.666,797.3696
2026-01-21 14:55:00,39.32,28.74,56.39,2.815,776.3733
2026-01-21 15:00:00,39.02,28.7,56.71,2.698,761.7159
2026-01-21 15:05:00,38.1,28.6,56.99,3.305,727.3168
2026-01-21 15:10:00,38.98,28.31,58.03,2.704,695.4899
2026-01-21 15:15:00,37.66,28.52,57.47,2.772,683.9988
2026-01-21 15:20:00,37.5,28.21,58.14,2.774,638.399
2026-01-21 15:25:00,37.56,28.22,58.38,3.155,651.1768
2026-01-21 15:30:00,37.68,28.32,58.3,2.736,620.7368
2026-01-21 15:35:00,36.760000000000005,28.5,57.88,2.149,586.1464
2026-01-21 15:40:00,36.7,28.1,58.78,2.602,541.7302
2026-01-21 15:45:00,36.42,28.07,58.88,3.165,545.3516
2026-01-21 15:50:00,36.04,27.8,60.03,2.549,509.639
2026-01-21 15:55:00,35.980000000000004,27.98,59.72,2.179,457.1245
2026-01-21 16:00:00,34.86,28.14,59.11,2.52,452.3617
2026-01-22 10:00:00,29.8,24.45,74.34,0.695,242.2247
2026-01-22 10:05:00,29.42,24.54,73.79,0.91,227.1481
2026-01-22 10:10:00,29.56,24.62,72.71,0.745,226.6855
2026-01-22 10:15:00,29.92,24.68,73.2,0.928,225.0511
2026-01-22 10:20:00,30.06,24.78,73.34,0.492,245.4126
2026-01-22 10:25:00,30.5,24.89,72.26,0.954,243.1431
2026-01-22 10:30:00,30.96,24.77,72.71,0.531,246.9494
2026-01-22 10:35:00,30.4,24.87,72.83,0.443,229.1866
2026-01-22 10:40:00,29.860000000000003,24.88,72.23,0.684,219.752
2026-01-22 10:45:00,29.8,24.92,72.24,0.912,211.5024
2026-01-22 10:50:00,29.78,25.04,72.04,0.775,215.8237
2026-01-22 10:55:00,29.32,25.06,71.63,0.889,206.1839
2026-01-22 11:00:00,28.98,25.03,70.98,1.323,212.9166
2026-01-22 11:05:00,28.76,24.87,71.13,1.046,185.2998
2026-01-22 11:10:00,28.26,24.95,71.43,0.755,168.3548
2026-01-22 11:15:00,27.82,24.89,71.2,1.643,156.8345
2026-01-22 11:20:00,27.9,24.78,71.24,1.141,160.1335
2026-01-22 11:25:00,28.0,24.83,70.66,1.609,175.1375
2026-01-22 11:30:00,28.32,24.68,71.03,1.074,186.3897
2026-01-22 11:35:00,28.660000000000004,24.75,70.81,1.223,191.7685
2026-01-22 11:40:00,28.56,24.81,70.26,1.122,206.9651
2026-01-22 11:45:00,28.1,24.81,69.76,1.707,188.7271
2026-01-22 11:50:00,28.28,24.71,69.74,1.572,183.1123
2026-01-22 11:55:00,28.160000000000004,24.82,68.98,1.379,179.812
2026-01-22 12:00:00,28.18,24.85,68.57,1.716,178.5101
2026-01-22 12:05:00,28.5,24.89,68.5,1.092,182.8679
2026-01-22 12:10:00,28.78,25.04,68.18,0.909,191.5849
2026-01-22 12:15:00,29.1,25.16,67.78,1.164,200.5892
2026-01-22 12:20:00,29.14,25.12,67.75,1.518,209.8859
2026-01-22 12:25:00,29.74,25.04,68.2,1.143,214.5787
2026-01-22 12:30:00,29.2,25.26,68.37,0.739,203.7734
2026-01-22 12:35:00,29.4,25.21,68.03,1.382,204.4557
2026-01-22 12:40:00,29.34,25.23,68.29,1.308,212.6558
2026-01-22 12:45:00,29.64,25.18,68.6,1.598,232.4303
2026-01-22 12:50:00,29.64,25.27,68.16,0.83,238.8974
2026-01-22 12:55:00,29.42,25.26,68.43,1.212,225.9167
2026-01-22 13:00:00,29.42,25.22,67.97,1.489,215.8427
2026-01-22 13:05:00,29.68,25.2,67.66,1.027,201.082
2026-01-22 13:10:00,29.96,25.23,67.91,0.651,211.7167
2026-01-22 13:15:00,30.44,25.39,66.92,0.476,216.8379
2026-01-22 13:20:00,31.160000000000004,25.48,66.18,0.622,239.9626
2026-01-22 13:25:00,31.360000000000003,25.55,65.43,0.849,257.2057
2026-01-22 13:30:00,31.660000000000004,25.72,64.27,0.822,269.0613
2026-01-22 13:35:00,32.120000000000005,25.77,63.43,0.766,270.5117
2026-01-22 13:40:00,32.54,25.69,63.87,0.516,278.7411
2026-01-22 13:45:00,33.760000000000005,25.87,63.96,0.352,300.3379
2026-01-22 13:50:00,34.2,25.87,63.32,0.308,305.7639
2026-01-22 13:55:00,34.18,25.87,63.88,0.46,309.2405
2026-01-22 14:00:00,35.92,25.97,64.24,0.545,334.2263
2026-01-22 14:05:00,36.96,26.1,63.21,0.506,427.7683
2026-01-22 14:10:00,38.48,26.2,62.76,0.205,479.9052
2026-01-22 14:15:00,39.42,26.65,62.63,0.517,510.202
2026-01-22 14:20:00,41.52,26.95,61.31,0.139,531.1165
2026-01-22 14:25:00,43.08,27.28,60.26,0.139,639.5726
2026-01-22 14:30:00,46.74,27.64,59.51,0.412,825.3885
2026-01-22 14:35:00,43.44,27.96,57.84,0.554,886.7576
2026-01-22 14:40:00,40.48,28.29,56.24,0.801,631.9819
2026-01-22 14:45:00,41.760000000000005,27.87,56.99,1.096,587.7905
2026-01-22 14:50:00,45.12,27.76,58.01,0.623,786.6274
2026-01-22 14:55:00,47.0,28.11,56.89,0.562,833.3969
2026-01-22 15:00:00,44.0,28.29,56.47,0.466,789.1217
2026-01-22 15:05:00,41.28,28.13,56.73,0.93,669.7822
2026-01-22 15:10:00,41.42,27.87,57.57,1.13,692.8164
2026-01-22 15:15:00,43.86,27.94,57.67,0.907,733.6278
2026-01-22 15:20:00,45.54,28.32,56.49,0.756,758.5425
2026-01-22 15:25:00,43.72,28.71,55.57,0.402,681.5903
2026-01-22 15:30:00,39.04,28.82,54.99,0.319,452.4472
2026-01-22 15:35:00,40.06,28.39,55.99,1.534,431.3337
2026-01-22 15:40:00,42.92,28.0,57.57,1.006,602.647
2026-01-22 15:45:00,43.94,28.44,56.46,1.103,691.493
2026-01-22 15:50:00,43.72,28.96,55.38,0.953,598.4045
2026-01-22 15:55:00,42.28,29.11,54.5,0.839,553.6339
2026-01-22 16:00:00,39.68,29.02,54.92,0.93,507.5126
2026-01-23 10:00:00,39.06,27.82,60.37,2.056,779.0555
2026-01-23 10:05:00,39.44,27.86,60.74,1.708,797.5311
2026-01-23 10:10:00,38.74,28.14,60.03,1.833,812.8823
2026-01-23 10:15:00,37.66,28.21,59.27,2.336,828.4052
2026-01-23 10:20:00,38.04,27.94,60.04,2.377,843.2766
2026-01-23 10:25:00,39.22,27.99,59.84,2.339,856.7505
2026-01-23 10:30:00,38.62,28.35,59.42,1.964,888.5803
2026-01-23 10:35:00,38.58,28.42,58.95,2.104,889.2156
2026-01-23 10:40:00,38.52,28.36,58.32,2.842,908.1207
2026-01-23 10:45:00,38.46,28.29,58.6,2.785,929.0697
2026-01-23 10:50:00,37.82,28.29,58.08,2.751,945.4386
2026-01-23 10:55:00,37.88,28.19,57.71,3.07,958.5165
2026-01-23 11:00:00,37.9,28.11,57.58,3.241,978.2783
2026-01-23 11:05:00,37.74,27.96,57.67,3.054,986.4235
2026-01-23 11:10:00,37.6,28.12,57.08,3.434,972.538
2026-01-23 11:15:00,38.22,27.96,57.24,2.979,976.4026
2026-01-23 11:20:00,38.82,28.41,56.57,2.602,985.038
2026-01-23 11:25:00,38.82,28.59,56.02,2.322,1002.768
2026-01-23 11:30:00,39.06,28.58,55.68,2.942,1001.484
2026-01-23 11:35:00,40.12,28.61,56.26,1.875,981.9636
2026-01-23 11:40:00,39.12,29.08,55.38,2.706,988.9753
2026-01-23 11:45:00,39.260000000000005,28.78,56.02,2.621,1001.649
2026-01-23 11:50:00,40.16,28.67,56.21,1.938,1011.752
2026-01-23 11:55:00,40.66,28.92,56.26,2.249,1000.985
2026-01-23 12:00:00,40.48,29.68,54.4,2.023,1014.256
2026-01-23 12:05:00,40.2,29.48,54.54,2.138,1009.886
2026-01-23 12:10:00,40.44,29.6,54.19,2.998,1025.097
2026-01-23 12:15:00,39.88,29.89,54.32,2.393,1036.805
2026-01-23 12:20:00,39.6,29.89,53.34,3.017,1024.822
2026-01-23 12:25:00,39.36,29.77,53.83,2.836,1033.709
2026-01-23 12:30:00,39.72,29.64,53.7,3.103,1031.301
2026-01-23 12:35:00,40.34,29.74,53.7,3.198,1033.013
2026-01-23 12:40:00,40.5,30.05,53.04,2.728,1010.62
2026-01-23 12:45:00,39.52,30.23,52.29,3.064,1021.878
2026-01-23 12:50:00,39.88,30.0,52.96,3.058,1014.765
2026-01-23 12:55:00,40.54,29.95,53.05,2.307,1014.635
2026-01-23 13:00:00,40.18,30.04,52.65,3.073,1017.779
2026-01-23 13:05:00,39.58,29.97,52.64,2.848,997.5159
2026-01-23 13:10:00,39.52,29.63,53.48,3.469,997.2473
2026-01-23 13:15:00,39.760000000000005,29.51,53.96,3.295,994.3712
2026-01-23 13:20:00,39.22,29.62,53.76,3.379,986.5526
2026-01-23 13:25:00,39.2,29.41,54.38,3.54,979.0726
2026-01-23 13:30:00,39.260000000000005,29.26,55.03,3.18,972.4091
2026-01-23 13:35:00,38.7,29.64,53.98,3.336,961.5786
2026-01-23 13:40:00,39.260000000000005,29.36,54.38,3.531,957.2974
2026-01-23 13:45:00,40.2,29.57,54.05,3.421,961.9836
2026-01-23 13:50:00,39.17999999999999,29.86,53.66,3.152,955.4606
2026-01-23 13:55:00,39.5,29.5,54.04,3.235,944.1175
2026-01-23 14:00:00,39.48,29.57,54.01,3.522,933.7101
2026-01-23 14:05:00,39.88,29.66,54.17,3.17,923.3322
2026-01-23 14:10:00,40.14,29.51,54.1,3.023,899.5444
2026-01-23 14:15:00,40.54,29.7,53.56,2.571,893.6996
2026-01-23 14:20:00,39.9,29.69,53.96,2.698,874.255
2026-01-23 14:25:00,40.54,29.61,53.45,2.54,862.6168
2026-01-23 14:30:00,41.32,29.66,53.42,2.758,847.1063
2026-01-23 14:35:00,41.12,29.58,53.17,1.827,835.0101
2026-01-23 14:40:00,41.64,30.02,52.91,2.229,819.4414
2026-01-23 14:45:00,41.68,30.43,51.69,1.383,799.9488
2026-01-23 14:50:00,41.36,30.49,50.76,2.092,783.7758
2026-01-23 14:55:00,40.56,30.11,52.03,2.551,774.7328
2026-01-23 15:00:00,40.66,29.88,52.59,2.898,760.2243
2026-01-23 15:05:00,40.66,30.03,51.94,2.761,743.2234
2026-01-23 15:10:00,39.68,30.06,52.81,1.854,724.8459
2026-01-23 15:15:00,38.82,29.74,52.13,3.139,700.7944
2026-01-23 15:20:00,38.88,29.59,53.12,3.022,681.7308
2026-01-23 15:25:00,39.16,29.59,52.32,2.669,673.0957
2026-01-23 15:30:00,38.9,29.43,52.81,3.152,658.321
2026-01-23 15:35:00,38.6,29.3,53.26,2.651,641.6495
2026-01-23 15:40:00,38.48,29.22,53.7,2.833,624.6068
2026-01-23 15:45:00,37.8,29.32,53.17,3.164,596.5128
2026-01-23 15:50:00,38.06,29.07,54.05,2.872,572.4784
2026-01-23 15:55:00,38.120000000000005,29.15,53.65,2.978,560.4729
2026-01-23 16:00:00,38.24,29.19,53.7,2.573,536.6278
2026-01-24 10:00:00,37.9,26.48,64.43,2.588,815.4184
2026-01-24 10:05:00,37.12,26.82,64.62,1.62,803.5881
2026-01-24 10:10:00,34.92,26.72,63.27,2.699,630.846
2026-01-24 10:15:00,34.82,26.23,64.24,2.399,622.2931
2026-01-24 10:20:00,34.480000000000004,26.17,63.81,2.251,558.844
2026-01-24 10:25:00,35.459999999999994,25.98,63.85,2.24,599.6279
2026-01-24 10:30:00,36.22,26.17,63.52,1.935,689.3112
2026-01-24 10:35:00,37.16,26.41,62.9,2.205,823.1598
2026-01-24 10:40:00,36.86,26.63,61.64,2.583,776.447
2026-01-24 10:45:00,38.8,26.68,61.98,1.98,792.5746
2026-01-24 10:50:00,39.36,27.03,60.83,2.37,992.1895
2026-01-24 10:55:00,39.06,27.21,60.09,2.184,979.467
2026-01-24 11:00:00,39.86,27.32,59.13,2.221,916.2863
2026-01-24 11:05:00,40.02,27.58,58.95,1.63,877.9142
2026-01-24 11:10:00,39.22,27.63,58.5,2.286,924.4468
2026-01-24 11:15:00,40.92,27.57,58.45,2.563,950.3619
2026-01-24 11:20:00,39.66,27.84,58.08,2.09,998.6064
2026-01-24 11:25:00,39.78,27.9,57.39,1.695,742.3141
2026-01-24 11:30:00,39.88,27.78,57.62,1.957,867.9889
2026-01-24 11:35:00,38.98,27.78,57.36,2.307,792.2126
2026-01-24 11:40:00,39.54,27.63,58.19,2.088,750.5574
2026-01-24 11:45:00,39.46,28.16,57.05,2.063,798.9023
2026-01-24 11:50:00,40.02,27.93,57.14,1.75,787.5873
2026-01-24 11:55:00,39.38,27.8,58.27,1.632,761.3046
2026-01-24 12:00:00,39.84,28.12,57.3,1.555,782.7207
2026-01-24 12:05:00,42.24,28.08,57.72,2.166,920.6091
2026-01-24 12:10:00,42.0,28.44,56.79,1.905,1078.734
2026-01-24 12:15:00,41.56,28.26,55.99,1.962,1018.096
2026-01-24 12:20:00,41.62,28.33,56.03,1.568,997.752
2026-01-24 12:25:00,41.760000000000005,28.63,55.25,2.033,1010.337
2026-01-24 12:30:00,41.58,28.69,54.68,2.147,980.8524
2026-01-24 12:35:00,41.1,28.78,54.68,2.232,983.0085
2026-01-24 12:40:00,41.56,28.8,55.77,2.442,1017.885
2026-01-24 12:45:00,42.16,28.88,55.66,2.122,1016.638
2026-01-24 12:50:00,41.46,29.13,55.32,2.309,1026.595
2026-01-24 12:55:00,40.5,28.96,55.58,2.584,1025.857
2026-01-24 13:00:00,41.32,28.65,56.09,2.756,944.5181
2026-01-24 13:05:00,41.36,28.96,56.5,2.542,1016.06
2026-01-24 13:10:00,41.06,28.99,56.0,2.694,996.1046
2026-01-24 13:15:00,40.6,29.15,55.53,2.104,872.6366
2026-01-24 13:20:00,39.98,29.36,55.7,2.524,900.2045
2026-01-24 13:25:00,39.02,29.2,56.36,1.958,674.2535
2026-01-24 13:30:00,39.98,28.89,56.16,2.391,767.9192
2026-01-24 13:35:00,41.7,28.8,56.37,1.969,905.8143
2026-01-24 13:40:00,40.54,29.11,55.58,2.495,978.644
2026-01-24 13:45:00,38.94,28.75,56.63,2.882,861.8887
2026-01-24 13:50:00,41.28,28.52,57.21,3.029,917.4419
2026-01-24 13:55:00,40.6,28.82,56.73,2.887,932.9689
2026-01-24 14:00:00,40.06,28.55,56.89,2.4,888.0366
2026-01-24 14:05:00,39.46,28.69,56.94,2.802,811.7819
2026-01-24 14:10:00,38.760000000000005,28.48,57.16,2.536,817.0032
2026-01-24 14:15:00,37.68,28.66,56.87,2.894,698.5566
2026-01-24 14:20:00,35.92,28.43,57.0,2.149,550.9746
2026-01-24 14:25:00,35.760000000000005,28.15,56.96,2.719,495.9257
2026-01-24 14:30:00,35.239999999999995,27.85,57.84,2.576,508.1976
2026-01-24 14:35:00,35.52,27.76,58.23,2.33,483.4159
2026-01-24 14:40:00,35.4,27.83,58.48,2.565,503.1659
2026-01-24 14:45:00,34.5,27.65,59.19,2.026,451.808
2026-01-24 14:50:00,33.7,27.65,58.93,2.507,391.0744
2026-01-24 14:55:00,33.239999999999995,27.49,59.56,2.146,361.7061
2026-01-24 15:00:00,32.7,27.45,58.56,2.498,332.5747
2026-01-24 15:05:00,32.34,27.39,58.54,1.983,311.263
2026-01-24 15:10:00,31.56,27.36,58.46,2.388,257.6873
2026-01-24 15:15:00,31.4,27.15,58.39,2.486,232.4172
2026-01-24 15:20:00,32.040000000000006,27.06,59.18,1.973,257.6878
2026-01-24 15:25:00,31.54,27.32,58.27,1.919,265.6523
2026-01-24 15:30:00,31.02,27.18,58.56,2.398,252.1461
2026-01-24 15:35:00,30.52,27.15,58.69,2.455,210.7391
2026-01-24 15:40:00,30.380000000000003,27.0,59.38,1.612,178.9577
2026-01-24 15:45:00,30.12,27.06,58.8,2.189,165.5005
2026-01-24 15:50:00,30.46,26.93,59.08,2.106,185.4582
2026-01-24 15:55:00,30.4,26.8,59.25,2.547,205.3437
2026-01-24 16:00:00,30.68,26.79,59.79,1.864,206.6305
2026-01-25 10:00:00,36.52,27.75,61.97,1.872,668.9858
2026-01-25 10:05:00,37.68,27.45,62.67,1.931,672.9617
2026-01-25 10:10:00,37.78,27.84,61.46,1.693,690.3815
2026-01-25 10:15:00,38.260000000000005,27.81,61.57,1.814,726.4326
2026-01-25 10:20:00,37.12,27.99,60.23,2.055,750.4446
2026-01-25 10:25:00,36.88,27.62,60.24,2.154,749.4279
2026-01-25 10:30:00,38.18,27.62,59.9,2.044,773.9069
2026-01-25 10:35:00,38.16,27.89,59.1,1.749,804.9569
2026-01-25 10:40:00,38.02,28.01,58.45,2.391,823.3969
2026-01-25 10:45:00,38.88,28.04,58.5,2.441,853.7338
2026-01-25 10:50:00,38.86,28.37,57.65,2.361,872.0695
2026-01-25 10:55:00,39.3,28.27,57.48,2.249,871.7549
2026-01-25 11:00:00,39.36,28.46,57.24,1.556,879.0693
2026-01-25 11:05:00,39.66,28.56,57.01,2.666,892.997
2026-01-25 11:10:00,39.68,29.08,56.26,2.028,919.0274
2026-01-25 11:15:00,39.18,29.09,55.1,2.697,946.3771
2026-01-25 11:20:00,39.18,28.78,54.86,2.8,958.8677
2026-01-25 11:25:00,38.7,28.67,55.49,2.896,962.4702
2026-01-25 11:30:00,38.18,28.82,54.53,3.426,948.5248
2026-01-25 11:35:00,37.760000000000005,28.6,55.27,3.114,938.5292
2026-01-25 11:40:00,37.58,28.4,55.39,3.172,925.3311
2026-01-25 11:45:00,38.58,28.32,55.48,3.285,936.7676
2026-01-25 11:50:00,38.1,28.58,55.24,2.765,929.1779
2026-01-25 11:55:00,37.82,28.47,55.32,3.201,918.3474
2026-01-25 12:00:00,38.36,28.4,55.73,3.131,925.2626
2026-01-25 12:05:00,38.84,28.69,54.67,2.824,934.1323
2026-01-25 12:10:00,39.3,28.88,54.38,2.816,933.1641
2026-01-25 12:15:00,40.38,29.13,54.04,1.999,949.821
2026-01-25 12:20:00,39.02,29.5,53.28,2.597,940.1471
2026-01-25 12:25:00,39.16,29.13,53.83,2.907,941.7264
2026-01-25 12:30:00,39.86,29.09,54.07,3.065,951.4523
2026-01-25 12:35:00,40.1,29.62,53.23,2.341,922.9758
2026-01-25 12:40:00,39.78,29.78,52.2,2.428,945.9873
2026-01-25 12:45:00,39.44,29.44,52.88,2.457,932.9285
2026-01-25 12:50:00,39.62,29.55,52.78,2.658,954.9969
2026-01-25 12:55:00,39.7,29.32,52.88,2.832,954.8824
2026-01-25 13:00:00,40.14,29.13,52.81,2.927,943.2688
2026-01-25 13:05:00,40.42,29.42,52.65,2.585,940.2627
2026-01-25 13:10:00,40.58,29.73,51.84,2.349,935.7309
2026-01-25 13:15:00,40.32000000000001,29.81,51.79,2.408,925.806
2026-01-25 13:20:00,39.96,29.66,51.82,2.985,919.5222
2026-01-25 13:25:00,40.16,29.48,52.92,2.354,919.0462
2026-01-25 13:30:00,39.6,29.72,52.33,3.04,899.0098
2026-01-25 13:35:00,40.16,29.63,52.43,2.791,898.8201
2026-01-25 13:40:00,39.28,29.76,52.06,3.098,887.2169
2026-01-25 13:45:00,39.06,29.41,53.02,3.179,877.6821
2026-01-25 13:50:00,39.8,29.33,53.22,3.29,862.6898
2026-01-25 13:55:00,39.32,29.86,52.89,2.265,852.3758
2026-01-25 14:00:00,39.34,29.64,51.95,2.826,856.6124
2026-01-25 14:05:00,40.220000000000006,29.26,52.72,2.425,847.8127
2026-01-25 14:10:00,39.48,29.73,51.06,2.818,835.7343
2026-01-25 14:15:00,39.78,29.58,51.21,2.919,832.716
2026-01-25 14:20:00,40.86,29.53,52.01,1.974,842.8558
2026-01-25 14:25:00,39.8,29.75,50.94,2.887,796.9898
2026-01-25 14:30:00,39.18,29.5,51.7,2.998,776.0977
2026-01-25 14:35:00,39.08,29.52,51.88,2.929,749.128
2026-01-25 14:40:00,38.46,29.3,52.3,3.331,742.9178
2026-01-25 14:45:00,38.62,29.3,52.49,3.329,738.3862
2026-01-25 14:50:00,38.5,29.15,52.97,2.914,730.2673
2026-01-25 14:55:00,38.6,29.22,52.55,3.443,735.7838
2026-01-25 15:00:00,37.86,29.22,52.24,3.519,714.633
2026-01-25 15:05:00,37.48,28.93,52.61,4.035,694.2678
2026-01-25 15:10:00,38.1,28.57,54.15,3.249,678.6301
2026-01-25 15:15:00,38.1,28.81,53.03,3.299,654.601
2026-01-25 15:20:00,38.12,29.08,52.2,2.457,642.8256
2026-01-25 15:25:00,37.4,28.92,52.31,2.953,631.6885
2026-01-25 15:30:00,36.760000000000005,28.73,52.61,3.613,613.1301
2026-01-25 15:35:00,35.22,28.57,52.75,3.58,552.087
2026-01-25 15:40:00,34.2,28.25,53.19,3.616,418.4245
2026-01-25 15:45:00,33.84,28.23,53.32,2.783,342.3466
2026-01-25 15:50:00,34.8,28.14,53.76,3.149,410.9133
2026-01-25 15:55:00,35.239999999999995,28.13,54.02,3.201,456.3965
2026-01-25 16:00:00,35.739999999999995,28.25,54.78,3.191,501.4201
2026-01-26 10:00:00,37.18,26.73,66.57,2.46,816.1044
2026-01-26 10:05:00,37.2,26.89,66.68,1.857,827.545
2026-01-26 10:10:00,36.56,26.88,66.74,2.251,842.3416
2026-01-26 10:15:00,36.56,26.95,65.89,2.191,856.2516
2026-01-26 10:20:00,37.32,26.87,65.75,2.758,864.4105
2026-01-26 10:25:00,38.04,27.12,66.07,1.821,879.9533
2026-01-26 10:30:00,37.9,27.09,65.31,1.828,885.867
2026-01-26 10:35:00,38.24,27.25,63.76,2.249,886.4406
2026-01-26 10:40:00,38.24,27.58,63.95,1.853,905.421
2026-01-26 10:45:00,38.32,27.59,63.11,2.142,907.5972
2026-01-26 10:50:00,39.0,27.63,62.93,1.708,915.604
2026-01-26 10:55:00,38.3,27.66,62.55,2.46,930.3251
2026-01-26 11:00:00,38.120000000000005,27.47,62.62,2.358,942.2461
2026-01-26 11:05:00,37.94,27.68,62.52,2.405,953.1301
2026-01-26 11:10:00,37.74,27.71,62.05,2.375,953.9551
2026-01-26 11:15:00,37.28,27.48,62.6,2.527,953.9442
2026-01-26 11:20:00,37.54,27.39,62.92,2.906,959.1823
2026-01-26 11:25:00,38.32,27.68,62.24,1.89,981.9466
2026-01-26 11:30:00,38.04,27.86,61.18,2.565,984.2979
2026-01-26 11:35:00,38.94,27.84,61.0,2.685,994.7155
2026-01-26 11:40:00,38.4,28.31,59.77,2.244,1002.186
2026-01-26 11:45:00,38.82,28.17,59.45,2.448,1009.597
2026-01-26 11:50:00,39.28,27.82,59.42,2.682,1019.916
2026-01-26 11:55:00,39.14,28.43,59.37,2.339,1026.694
2026-01-26 12:00:00,38.8,28.14,58.27,2.928,1037.06
2026-01-26 12:05:00,39.16,28.37,58.47,2.181,1031.348
2026-01-26 12:10:00,39.12,28.36,57.2,3.4,1031.394
2026-01-26 12:15:00,39.760000000000005,28.47,58.66,2.379,1036.801
2026-01-26 12:20:00,39.54,28.71,57.69,2.476,1029.403
2026-01-26 12:25:00,39.22,28.41,58.84,2.683,1040.059
2026-01-26 12:30:00,39.04,28.36,57.86,2.894,1027.534
2026-01-26 12:35:00,39.36,28.3,56.93,2.964,1034.568
2026-01-26 12:40:00,40.46,28.65,57.79,2.538,1030.045
2026-01-26 12:45:00,40.760000000000005,28.73,58.36,2.107,1015.123
2026-01-26 12:50:00,39.86,29.33,55.72,1.995,1023.421
2026-01-26 12:55:00,39.18,29.14,55.33,2.522,1018.527
2026-01-26 13:00:00,39.56,29.07,55.82,2.482,1017.498
2026-01-26 13:05:00,40.46,29.04,54.41,2.889,1009.967
2026-01-26 13:10:00,39.94,29.25,55.55,2.209,1007.172
2026-01-26 13:15:00,39.72,29.22,55.2,2.973,998.4869
2026-01-26 13:20:00,39.62,29.37,54.61,3.331,998.8301
2026-01-26 13:25:00,39.74,29.35,54.38,2.88,989.1123
2026-01-26 13:30:00,39.68,29.51,53.71,3.137,988.2399
2026-01-26 13:35:00,40.260000000000005,29.66,53.14,3.191,986.2349
2026-01-26 13:40:00,40.08,30.0,50.93,2.555,979.3837
2026-01-26 13:45:00,40.260000000000005,29.65,52.09,3.038,966.404
2026-01-26 13:50:00,40.5,29.82,51.22,2.846,957.1193
2026-01-26 13:55:00,40.82,30.2,50.63,2.253,943.1296
2026-01-26 14:00:00,40.6,29.98,50.55,2.761,940.4584
2026-01-26 14:05:00,40.34,30.19,50.81,2.052,937.3651
2026-01-26 14:10:00,40.38,30.07,49.69,3.234,942.4808
2026-01-26 14:15:00,41.46,29.69,49.88,2.823,961.7
2026-01-26 14:20:00,41.92,30.17,49.3,2.294,921.4231
2026-01-26 14:25:00,41.88,30.14,49.16,3.05,1001.187
2026-01-26 14:30:00,40.78,30.08,49.17,2.671,815.6567
2026-01-26 14:35:00,40.12,30.17,49.41,2.468,909.6888
2026-01-26 14:40:00,40.02,29.62,50.6,3.142,738.3911
2026-01-26 14:45:00,39.68,29.69,50.07,2.408,702.8136
2026-01-26 14:50:00,39.3,29.69,50.01,2.482,717.3292
